country_code,country_name,longitude,latitude,source,source_feature,aliases
AD,Andorra,1.539409,42.547643,https://raw.githubusercontent.com/nvkelso/natural-earth-vector/v5.1.2/geojson/ne_10m_admin_0_countries.geojson,Andorra,
AE,United Arab Emirates,54.547256,23.466285,https://raw.githubusercontent.com/nvkelso/natural-earth-vector/v5.1.2/geojson/ne_10m_admin_0_countries.geojson,United Arab Emirates,
AF,Afghanistan,66.496586,34.164262,https://raw.githubusercontent.com/nvkelso/natural-earth-vector/v5.1.2/geojson/ne_10m_admin_0_countries.geojson,Afghanistan,
AG,Antigua and Barbuda,-61.790612,17.352249,https://raw.githubusercontent.com/nvkelso/natural-earth-vector/v5.1.2/geojson/ne_10m_admin_0_countries.geojson,Antigua and Barb.,
AI,Anguilla,-63.026361,18.242979,https://raw.githubusercontent.com/nvkelso/natural-earth-vector/v5.1.2/geojson/ne_10m_admin_0_countries.geojson,Anguilla,
AL,Albania,20.11384,40.654855,https://raw.githubusercontent.com/nvkelso/natural-earth-vector/v5.1.2/geojson/ne_10m_admin_0_countries.geojson,Albania,
AM,Armenia,44.800564,40.459077,https://raw.githubusercontent.com/nvkelso/natural-earth-vector/v5.1.2/geojson/ne_10m_admin_0_countries.geojson,Armenia,
AO,Angola,17.984249,-12.182762,https://raw.githubusercontent.com/nvkelso/natural-earth-vector/v5.1.2/geojson/ne_10m_admin_0_countries.geojson,Angola,
AQ,Antarctica,35.885455,-79.843222,https://raw.githubusercontent.com/nvkelso/natural-earth-vector/v5.1.2/geojson/ne_10m_admin_0_countries.geojson,Antarctica,
AR,Argentina,-64.173331,-33.501159,https://raw.githubusercontent.com/nvkelso/natural-earth-vector/v5.1.2/geojson/ne_10m_admin_0_countries.geojson,Argentina,
AS,American Samoa,-170.747153,-14.32671,https://raw.githubusercontent.com/nvkelso/natural-earth-vector/v5.1.2/geojson/ne_10m_admin_0_countries.geojson,American Samoa,
AT,Austria,14.130515,47.518859,https://raw.githubusercontent.com/nvkelso/natural-earth-vector/v5.1.2/geojson/ne_10m_admin_0_countries.geojson,Austria,
AU,Australia,134.04972,-24.129522,https://raw.githubusercontent.com/nvkelso/natural-earth-vector/v5.1.2/geojson/ne_10m_admin_0_countries.geojson,Australia,
AW,Aruba,-69.972795,12.5174,https://raw.githubusercontent.com/nvkelso/natural-earth-vector/v5.1.2/geojson/ne_10m_admin_0_countries.geojson,Aruba,
AX,Åland Islands,19.869671,60.156467,https://raw.githubusercontent.com/nvkelso/natural-earth-vector/v5.1.2/geojson/ne_10m_admin_0_countries.geojson,Åland,
AZ,Azerbaijan,47.210994,40.402387,https://raw.githubusercontent.com/nvkelso/natural-earth-vector/v5.1.2/geojson/ne_10m_admin_0_countries.geojson,Azerbaijan,
BA,Bosnia and Herzegovina,18.06841,44.091051,https://raw.githubusercontent.com/nvkelso/natural-earth-vector/v5.1.2/geojson/ne_10m_admin_0_countries.geojson,Bosnia and Herz.,
BB,Barbados,-59.568966,13.163709,https://raw.githubusercontent.com/nvkelso/natural-earth-vector/v5.1.2/geojson/ne_10m_admin_0_countries.geojson,Barbados,
BD,Bangladesh,89.684963,24.214956,https://raw.githubusercontent.com/nvkelso/natural-earth-vector/v5.1.2/geojson/ne_10m_admin_0_countries.geojson,Bangladesh,
BE,Belgium,4.800448,50.785392,https://raw.githubusercontent.com/nvkelso/natural-earth-vector/v5.1.2/geojson/ne_10m_admin_0_countries.geojson,Belgium,
BF,Burkina Faso,-1.36388,12.673048,https://raw.githubusercontent.com/nvkelso/natural-earth-vector/v5.1.2/geojson/ne_10m_admin_0_countries.geojson,Burkina Faso,
BG,Bulgaria,25.15709,42.508785,https://raw.githubusercontent.com/nvkelso/natural-earth-vector/v5.1.2/geojson/ne_10m_admin_0_countries.geojson,Bulgaria,
BH,Bahrain,50.554816,26.055972,https://raw.githubusercontent.com/nvkelso/natural-earth-vector/v5.1.2/geojson/ne_10m_admin_0_countries.geojson,Bahrain,
BI,Burundi,29.917086,-3.332836,https://raw.githubusercontent.com/nvkelso/natural-earth-vector/v5.1.2/geojson/ne_10m_admin_0_countries.geojson,Burundi,
BJ,Benin,2.352018,10.324775,https://raw.githubusercontent.com/nvkelso/natural-earth-vector/v5.1.2/geojson/ne_10m_admin_0_countries.geojson,Benin,
BL,Saint Barthélemy,-62.833193,17.901987,https://raw.githubusercontent.com/nvkelso/natural-earth-vector/v5.1.2/geojson/ne_10m_admin_0_countries.geojson,St-Barthélemy,
BM,Bermuda,-64.763573,32.296592,https://raw.githubusercontent.com/nvkelso/natural-earth-vector/v5.1.2/geojson/ne_10m_admin_0_countries.geojson,Bermuda,
BN,Brunei Darussalam,114.551943,4.448298,https://raw.githubusercontent.com/nvkelso/natural-earth-vector/v5.1.2/geojson/ne_10m_admin_0_countries.geojson,Brunei,
BO,Bolivia,-64.593433,-16.666015,https://raw.githubusercontent.com/nvkelso/natural-earth-vector/v5.1.2/geojson/ne_10m_admin_0_countries.geojson,Bolivia,
BQ,"Bonaire, Sint Eustatius and Saba",-63.1334,17.5438,https://raw.githubusercontent.com/nvkelso/natural-earth-vector/v5.1.2/geojson/ne_10m_admin_0_map_units.geojson,Caribbean Netherlands,
BR,Brazil,-49.55945,-12.098687,https://raw.githubusercontent.com/nvkelso/natural-earth-vector/v5.1.2/geojson/ne_10m_admin_0_countries.geojson,Brazil,
BS,Bahamas,-77.146688,26.401789,https://raw.githubusercontent.com/nvkelso/natural-earth-vector/v5.1.2/geojson/ne_10m_admin_0_countries.geojson,Bahamas,
BT,Bhutan,90.040294,27.536685,https://raw.githubusercontent.com/nvkelso/natural-earth-vector/v5.1.2/geojson/ne_10m_admin_0_countries.geojson,Bhutan,
BV,Bouvet Island,3.414486,-54.415335,https://raw.githubusercontent.com/nvkelso/natural-earth-vector/v5.1.2/geojson/ne_10m_admin_0_map_units.geojson,Bouvet I.,
BW,Botswana,24.179216,-22.102634,https://raw.githubusercontent.com/nvkelso/natural-earth-vector/v5.1.2/geojson/ne_10m_admin_0_countries.geojson,Botswana,
BY,Belarus,28.417701,53.821888,https://raw.githubusercontent.com/nvkelso/natural-earth-vector/v5.1.2/geojson/ne_10m_admin_0_countries.geojson,Belarus,
BZ,Belize,-88.712962,17.202068,https://raw.githubusercontent.com/nvkelso/natural-earth-vector/v5.1.2/geojson/ne_10m_admin_0_countries.geojson,Belize,
CA,Canada,-101.9107,60.324287,https://raw.githubusercontent.com/nvkelso/natural-earth-vector/v5.1.2/geojson/ne_10m_admin_0_countries.geojson,Canada,
CC,Cocos (Keeling) Islands,96.830147,-12.159615,https://raw.githubusercontent.com/nvkelso/natural-earth-vector/v5.1.2/geojson/ne_10m_admin_0_map_units.geojson,Cocos Is.,
CD,"Congo, The Democratic Republic of the",23.458829,-1.858167,https://raw.githubusercontent.com/nvkelso/natural-earth-vector/v5.1.2/geojson/ne_10m_admin_0_countries.geojson,Dem. Rep. Congo,
CF,Central African Republic,20.906897,6.989681,https://raw.githubusercontent.com/nvkelso/natural-earth-vector/v5.1.2/geojson/ne_10m_admin_0_countries.geojson,Central African Rep.,
CG,Congo,15.9005,0.142331,https://raw.githubusercontent.com/nvkelso/natural-earth-vector/v5.1.2/geojson/ne_10m_admin_0_countries.geojson,Congo,
CH,Switzerland,7.463965,46.719114,https://raw.githubusercontent.com/nvkelso/natural-earth-vector/v5.1.2/geojson/ne_10m_admin_0_countries.geojson,Switzerland,
CI,Côte d'Ivoire,-5.568618,7.49139,https://raw.githubusercontent.com/nvkelso/natural-earth-vector/v5.1.2/geojson/ne_10m_admin_0_countries.geojson,Côte d'Ivoire,
CK,Cook Islands,-159.785675,-21.215993,https://raw.githubusercontent.com/nvkelso/natural-earth-vector/v5.1.2/geojson/ne_10m_admin_0_countries.geojson,Cook Is.,
CL,Chile,-72.318871,-38.151771,https://raw.githubusercontent.com/nvkelso/natural-earth-vector/v5.1.2/geojson/ne_10m_admin_0_countries.geojson,Chile,
CM,Cameroon,12.473488,4.585041,https://raw.githubusercontent.com/nvkelso/natural-earth-vector/v5.1.2/geojson/ne_10m_admin_0_countries.geojson,Cameroon,
CN,China,106.337289,32.498178,https://raw.githubusercontent.com/nvkelso/natural-earth-vector/v5.1.2/geojson/ne_10m_admin_0_countries.geojson,China,
CO,Colombia,-73.174347,3.373111,https://raw.githubusercontent.com/nvkelso/natural-earth-vector/v5.1.2/geojson/ne_10m_admin_0_countries.geojson,Colombia,
CR,Costa Rica,-84.077922,10.0651,https://raw.githubusercontent.com/nvkelso/natural-earth-vector/v5.1.2/geojson/ne_10m_admin_0_countries.geojson,Costa Rica,
CU,Cuba,-77.975855,21.334024,https://raw.githubusercontent.com/nvkelso/natural-earth-vector/v5.1.2/geojson/ne_10m_admin_0_countries.geojson,Cuba,
CV,Cabo Verde,-23.639434,15.074761,https://raw.githubusercontent.com/nvkelso/natural-earth-vector/v5.1.2/geojson/ne_10m_admin_0_countries.geojson,Cabo Verde,
CW,Curaçao,-68.920578,12.145039,https://raw.githubusercontent.com/nvkelso/natural-earth-vector/v5.1.2/geojson/ne_10m_admin_0_countries.geojson,Curaçao,
CX,Christmas Island,105.67259,-10.490789,https://raw.githubusercontent.com/nvkelso/natural-earth-vector/v5.1.2/geojson/ne_10m_admin_0_map_units.geojson,Christmas I.,
CY,Cyprus,33.084182,34.913329,https://raw.githubusercontent.com/nvkelso/natural-earth-vector/v5.1.2/geojson/ne_10m_admin_0_countries.geojson,Cyprus,
CZ,Czechia,15.377555,49.882364,https://raw.githubusercontent.com/nvkelso/natural-earth-vector/v5.1.2/geojson/ne_10m_admin_0_countries.geojson,Czechia,
DE,Germany,9.678348,50.961733,https://raw.githubusercontent.com/nvkelso/natural-earth-vector/v5.1.2/geojson/ne_10m_admin_0_countries.geojson,Germany,
DJ,Djibouti,42.498825,11.976343,https://raw.githubusercontent.com/nvkelso/natural-earth-vector/v5.1.2/geojson/ne_10m_admin_0_countries.geojson,Djibouti,
DK,Denmark,9.018163,55.966965,https://raw.githubusercontent.com/nvkelso/natural-earth-vector/v5.1.2/geojson/ne_10m_admin_0_countries.geojson,Denmark,
DM,Dominica,-61.344958,15.458829,https://raw.githubusercontent.com/nvkelso/natural-earth-vector/v5.1.2/geojson/ne_10m_admin_0_countries.geojson,Dominica,
DO,Dominican Republic,-70.653998,19.104137,https://raw.githubusercontent.com/nvkelso/natural-earth-vector/v5.1.2/geojson/ne_10m_admin_0_countries.geojson,Dominican Rep.,
DZ,Algeria,2.808241,27.397406,https://raw.githubusercontent.com/nvkelso/natural-earth-vector/v5.1.2/geojson/ne_10m_admin_0_countries.geojson,Algeria,
EC,Ecuador,-78.188375,-1.259076,https://raw.githubusercontent.com/nvkelso/natural-earth-vector/v5.1.2/geojson/ne_10m_admin_0_countries.geojson,Ecuador,
EE,Estonia,25.867126,58.724865,https://raw.githubusercontent.com/nvkelso/natural-earth-vector/v5.1.2/geojson/ne_10m_admin_0_countries.geojson,Estonia,
EG,Egypt,29.445837,26.186173,https://raw.githubusercontent.com/nvkelso/natural-earth-vector/v5.1.2/geojson/ne_10m_admin_0_countries.geojson,Egypt,
EH,Western Sahara,-12.630304,23.967592,https://raw.githubusercontent.com/nvkelso/natural-earth-vector/v5.1.2/geojson/ne_10m_admin_0_countries.geojson,W. Sahara,
ER,Eritrea,38.285566,15.787401,https://raw.githubusercontent.com/nvkelso/natural-earth-vector/v5.1.2/geojson/ne_10m_admin_0_countries.geojson,Eritrea,
ES,Spain,-3.464718,40.090953,https://raw.githubusercontent.com/nvkelso/natural-earth-vector/v5.1.2/geojson/ne_10m_admin_0_countries.geojson,Spain,
ET,Ethiopia,39.0886,8.032795,https://raw.githubusercontent.com/nvkelso/natural-earth-vector/v5.1.2/geojson/ne_10m_admin_0_countries.geojson,Ethiopia,
FI,Finland,27.276449,63.252361,https://raw.githubusercontent.com/nvkelso/natural-earth-vector/v5.1.2/geojson/ne_10m_admin_0_countries.geojson,Finland,
FJ,Fiji,177.975427,-17.826099,https://raw.githubusercontent.com/nvkelso/natural-earth-vector/v5.1.2/geojson/ne_10m_admin_0_countries.geojson,Fiji,
FK,Falkland Islands (Malvinas),-58.738602,-51.608913,https://raw.githubusercontent.com/nvkelso/natural-earth-vector/v5.1.2/geojson/ne_10m_admin_0_countries.geojson,Falkland Is.,
FM,"Micronesia, Federated States of",158.234019,6.887553,https://raw.githubusercontent.com/nvkelso/natural-earth-vector/v5.1.2/geojson/ne_10m_admin_0_countries.geojson,Micronesia,
FO,Faroe Islands,-7.058429,62.185604,https://raw.githubusercontent.com/nvkelso/natural-earth-vector/v5.1.2/geojson/ne_10m_admin_0_countries.geojson,Faeroe Is.,
FR,France,2.552275,46.696113,https://raw.githubusercontent.com/nvkelso/natural-earth-vector/v5.1.2/geojson/ne_10m_admin_0_map_units.geojson,France,
GA,Gabon,11.835939,-0.437739,https://raw.githubusercontent.com/nvkelso/natural-earth-vector/v5.1.2/geojson/ne_10m_admin_0_countries.geojson,Gabon,
GB,United Kingdom,-2.116346,54.402739,https://raw.githubusercontent.com/nvkelso/natural-earth-vector/v5.1.2/geojson/ne_10m_admin_0_countries.geojson,United Kingdom,
GD,Grenada,-61.680461,12.113156,https://raw.githubusercontent.com/nvkelso/natural-earth-vector/v5.1.2/geojson/ne_10m_admin_0_countries.geojson,Grenada,
GE,Georgia,43.735724,41.870087,https://raw.githubusercontent.com/nvkelso/natural-earth-vector/v5.1.2/geojson/ne_10m_admin_0_countries.geojson,Georgia,
GF,French Guiana,-53.068349,3.999223,https://raw.githubusercontent.com/nvkelso/natural-earth-vector/v5.1.2/geojson/ne_10m_admin_0_map_units.geojson,French Guiana,FR-973
GG,Guernsey,-2.561736,49.463533,https://raw.githubusercontent.com/nvkelso/natural-earth-vector/v5.1.2/geojson/ne_10m_admin_0_countries.geojson,Guernsey,
GH,Ghana,-1.036941,7.717639,https://raw.githubusercontent.com/nvkelso/natural-earth-vector/v5.1.2/geojson/ne_10m_admin_0_countries.geojson,Ghana,
GI,Gibraltar,-5.3467,36.129426,https://raw.githubusercontent.com/nvkelso/natural-earth-vector/v5.1.2/geojson/ne_10m_admin_0_countries.geojson,Gibraltar,
GL,Greenland,-39.335251,74.319387,https://raw.githubusercontent.com/nvkelso/natural-earth-vector/v5.1.2/geojson/ne_10m_admin_0_countries.geojson,Greenland,
GM,Gambia,-14.998318,13.641721,https://raw.githubusercontent.com/nvkelso/natural-earth-vector/v5.1.2/geojson/ne_10m_admin_0_countries.geojson,Gambia,
GN,Guinea,-10.016402,10.618516,https://raw.githubusercontent.com/nvkelso/natural-earth-vector/v5.1.2/geojson/ne_10m_admin_0_countries.geojson,Guinea,
GP,Guadeloupe,-61.433565,16.299332,https://raw.githubusercontent.com/nvkelso/natural-earth-vector/v5.1.2/geojson/ne_10m_admin_0_map_units.geojson,Guadeloupe,FR-971
GQ,Equatorial Guinea,8.9902,2.333,https://raw.githubusercontent.com/nvkelso/natural-earth-vector/v5.1.2/geojson/ne_10m_admin_0_countries.geojson,Eq. Guinea,
GR,Greece,21.72568,39.492763,https://raw.githubusercontent.com/nvkelso/natural-earth-vector/v5.1.2/geojson/ne_10m_admin_0_countries.geojson,Greece,
GS,South Georgia and the South Sandwich Islands,-31.063179,-55.683402,https://raw.githubusercontent.com/nvkelso/natural-earth-vector/v5.1.2/geojson/ne_10m_admin_0_countries.geojson,S. Geo. and the Is.,
GT,Guatemala,-90.497134,14.982133,https://raw.githubusercontent.com/nvkelso/natural-earth-vector/v5.1.2/geojson/ne_10m_admin_0_countries.geojson,Guatemala,
GU,Guam,144.703614,13.354173,https://raw.githubusercontent.com/nvkelso/natural-earth-vector/v5.1.2/geojson/ne_10m_admin_0_countries.geojson,Guam,
GW,Guinea-Bissau,-14.52413,12.163712,https://raw.githubusercontent.com/nvkelso/natural-earth-vector/v5.1.2/geojson/ne_10m_admin_0_countries.geojson,Guinea-Bissau,
GY,Guyana,-58.942643,5.124317,https://raw.githubusercontent.com/nvkelso/natural-earth-vector/v5.1.2/geojson/ne_10m_admin_0_countries.geojson,Guyana,
HK,Hong Kong,114.097769,22.448829,https://raw.githubusercontent.com/nvkelso/natural-earth-vector/v5.1.2/geojson/ne_10m_admin_0_countries.geojson,Hong Kong,
HM,Heard Island and McDonald Islands,73.50521,-53.103462,https://raw.githubusercontent.com/nvkelso/natural-earth-vector/v5.1.2/geojson/ne_10m_admin_0_countries.geojson,Heard I. and McDonald Is.,
HN,Honduras,-86.887604,14.794801,https://raw.githubusercontent.com/nvkelso/natural-earth-vector/v5.1.2/geojson/ne_10m_admin_0_countries.geojson,Honduras,
HR,Croatia,16.37241,45.805799,https://raw.githubusercontent.com/nvkelso/natural-earth-vector/v5.1.2/geojson/ne_10m_admin_0_countries.geojson,Croatia,
HT,Haiti,-72.224051,19.263784,https://raw.githubusercontent.com/nvkelso/natural-earth-vector/v5.1.2/geojson/ne_10m_admin_0_countries.geojson,Haiti,
HU,Hungary,19.447867,47.086841,https://raw.githubusercontent.com/nvkelso/natural-earth-vector/v5.1.2/geojson/ne_10m_admin_0_countries.geojson,Hungary,
ID,Indonesia,101.892949,-0.954404,https://raw.githubusercontent.com/nvkelso/natural-earth-vector/v5.1.2/geojson/ne_10m_admin_0_countries.geojson,Indonesia,
IE,Ireland,-7.798588,53.078726,https://raw.githubusercontent.com/nvkelso/natural-earth-vector/v5.1.2/geojson/ne_10m_admin_0_countries.geojson,Ireland,
IL,Israel,34.847915,30.911148,https://raw.githubusercontent.com/nvkelso/natural-earth-vector/v5.1.2/geojson/ne_10m_admin_0_countries.geojson,Israel,
IM,Isle of Man,-4.530069,54.220833,https://raw.githubusercontent.com/nvkelso/natural-earth-vector/v5.1.2/geojson/ne_10m_admin_0_countries.geojson,Isle of Man,
IN,India,79.358105,22.686852,https://raw.githubusercontent.com/nvkelso/natural-earth-vector/v5.1.2/geojson/ne_10m_admin_0_countries.geojson,India,
IO,British Indian Ocean Territory,71.348349,-6.190826,https://raw.githubusercontent.com/nvkelso/natural-earth-vector/v5.1.2/geojson/ne_10m_admin_0_countries.geojson,Br. Indian Ocean Ter.,
IQ,Iraq,43.26181,33.09403,https://raw.githubusercontent.com/nvkelso/natural-earth-vector/v5.1.2/geojson/ne_10m_admin_0_countries.geojson,Iraq,
IR,Iran,54.931495,32.166225,https://raw.githubusercontent.com/nvkelso/natural-earth-vector/v5.1.2/geojson/ne_10m_admin_0_countries.geojson,Iran,
IS,Iceland,-18.673711,64.779286,https://raw.githubusercontent.com/nvkelso/natural-earth-vector/v5.1.2/geojson/ne_10m_admin_0_countries.geojson,Iceland,
IT,Italy,11.076907,44.732482,https://raw.githubusercontent.com/nvkelso/natural-earth-vector/v5.1.2/geojson/ne_10m_admin_0_countries.geojson,Italy,
JE,Jersey,-2.090146,49.220808,https://raw.githubusercontent.com/nvkelso/natural-earth-vector/v5.1.2/geojson/ne_10m_admin_0_countries.geojson,Jersey,
JM,Jamaica,-77.318767,18.137124,https://raw.githubusercontent.com/nvkelso/natural-earth-vector/v5.1.2/geojson/ne_10m_admin_0_countries.geojson,Jamaica,
JO,Jordan,36.375991,30.805025,https://raw.githubusercontent.com/nvkelso/natural-earth-vector/v5.1.2/geojson/ne_10m_admin_0_countries.geojson,Jordan,
JP,Japan,138.44217,36.142538,https://raw.githubusercontent.com/nvkelso/natural-earth-vector/v5.1.2/geojson/ne_10m_admin_0_countries.geojson,Japan,
KE,Kenya,37.907632,0.549043,https://raw.githubusercontent.com/nvkelso/natural-earth-vector/v5.1.2/geojson/ne_10m_admin_0_countries.geojson,Kenya,
KG,Kyrgyzstan,74.532637,41.66854,https://raw.githubusercontent.com/nvkelso/natural-earth-vector/v5.1.2/geojson/ne_10m_admin_0_countries.geojson,Kyrgyzstan,
KH,Cambodia,104.50487,12.647584,https://raw.githubusercontent.com/nvkelso/natural-earth-vector/v5.1.2/geojson/ne_10m_admin_0_countries.geojson,Cambodia,
KI,Kiribati,-157.384577,1.820437,https://raw.githubusercontent.com/nvkelso/natural-earth-vector/v5.1.2/geojson/ne_10m_admin_0_countries.geojson,Kiribati,
KM,Comoros,43.318094,-11.727683,https://raw.githubusercontent.com/nvkelso/natural-earth-vector/v5.1.2/geojson/ne_10m_admin_0_countries.geojson,Comoros,
KN,Saint Kitts and Nevis,-62.757975,17.336558,https://raw.githubusercontent.com/nvkelso/natural-earth-vector/v5.1.2/geojson/ne_10m_admin_0_countries.geojson,St. Kitts and Nevis,
KP,North Korea,126.444516,39.885252,https://raw.githubusercontent.com/nvkelso/natural-earth-vector/v5.1.2/geojson/ne_10m_admin_0_countries.geojson,North Korea,
KR,South Korea,128.129504,36.384924,https://raw.githubusercontent.com/nvkelso/natural-earth-vector/v5.1.2/geojson/ne_10m_admin_0_countries.geojson,South Korea,
KW,Kuwait,47.313999,29.413628,https://raw.githubusercontent.com/nvkelso/natural-earth-vector/v5.1.2/geojson/ne_10m_admin_0_countries.geojson,Kuwait,
KY,Cayman Islands,-81.24055,19.319862,https://raw.githubusercontent.com/nvkelso/natural-earth-vector/v5.1.2/geojson/ne_10m_admin_0_countries.geojson,Cayman Is.,
KZ,Kazakhstan,68.685548,49.054149,https://raw.githubusercontent.com/nvkelso/natural-earth-vector/v5.1.2/geojson/ne_10m_admin_0_countries.geojson,Kazakhstan,
LA,Laos,102.533912,19.431821,https://raw.githubusercontent.com/nvkelso/natural-earth-vector/v5.1.2/geojson/ne_10m_admin_0_countries.geojson,Laos,
LB,Lebanon,35.992892,34.133368,https://raw.githubusercontent.com/nvkelso/natural-earth-vector/v5.1.2/geojson/ne_10m_admin_0_countries.geojson,Lebanon,
LC,Saint Lucia,-60.980094,13.892371,https://raw.githubusercontent.com/nvkelso/natural-earth-vector/v5.1.2/geojson/ne_10m_admin_0_countries.geojson,Saint Lucia,
LI,Liechtenstein,9.559439,47.111405,https://raw.githubusercontent.com/nvkelso/natural-earth-vector/v5.1.2/geojson/ne_10m_admin_0_countries.geojson,Liechtenstein,
LK,Sri Lanka,80.704823,7.581097,https://raw.githubusercontent.com/nvkelso/natural-earth-vector/v5.1.2/geojson/ne_10m_admin_0_countries.geojson,Sri Lanka,
LR,Liberia,-9.460379,6.447177,https://raw.githubusercontent.com/nvkelso/natural-earth-vector/v5.1.2/geojson/ne_10m_admin_0_countries.geojson,Liberia,
LS,Lesotho,28.246639,-29.480158,https://raw.githubusercontent.com/nvkelso/natural-earth-vector/v5.1.2/geojson/ne_10m_admin_0_countries.geojson,Lesotho,
LT,Lithuania,24.089932,55.103703,https://raw.githubusercontent.com/nvkelso/natural-earth-vector/v5.1.2/geojson/ne_10m_admin_0_countries.geojson,Lithuania,
LU,Luxembourg,6.07762,49.733732,https://raw.githubusercontent.com/nvkelso/natural-earth-vector/v5.1.2/geojson/ne_10m_admin_0_countries.geojson,Luxembourg,
LV,Latvia,25.458723,57.066872,https://raw.githubusercontent.com/nvkelso/natural-earth-vector/v5.1.2/geojson/ne_10m_admin_0_countries.geojson,Latvia,
LY,Libya,18.011015,26.638944,https://raw.githubusercontent.com/nvkelso/natural-earth-vector/v5.1.2/geojson/ne_10m_admin_0_countries.geojson,Libya,
MA,Morocco,-7.187296,31.650723,https://raw.githubusercontent.com/nvkelso/natural-earth-vector/v5.1.2/geojson/ne_10m_admin_0_countries.geojson,Morocco,
MC,Monaco,7.398291,43.739652,https://raw.githubusercontent.com/nvkelso/natural-earth-vector/v5.1.2/geojson/ne_10m_admin_0_countries.geojson,Monaco,
MD,Moldova,28.487904,47.434999,https://raw.githubusercontent.com/nvkelso/natural-earth-vector/v5.1.2/geojson/ne_10m_admin_0_countries.geojson,Moldova,
ME,Montenegro,19.143727,42.803101,https://raw.githubusercontent.com/nvkelso/natural-earth-vector/v5.1.2/geojson/ne_10m_admin_0_countries.geojson,Montenegro,
MF,Saint Martin (French part),-63.049399,18.081302,https://raw.githubusercontent.com/nvkelso/natural-earth-vector/v5.1.2/geojson/ne_10m_admin_0_countries.geojson,St-Martin,
MG,Madagascar,46.704241,-18.628288,https://raw.githubusercontent.com/nvkelso/natural-earth-vector/v5.1.2/geojson/ne_10m_admin_0_countries.geojson,Madagascar,
MH,Marshall Islands,171.193609,7.082568,https://raw.githubusercontent.com/nvkelso/natural-earth-vector/v5.1.2/geojson/ne_10m_admin_0_countries.geojson,Marshall Is.,
MK,North Macedonia,21.555839,41.558223,https://raw.githubusercontent.com/nvkelso/natural-earth-vector/v5.1.2/geojson/ne_10m_admin_0_countries.geojson,North Macedonia,
ML,Mali,-2.038455,18.692713,https://raw.githubusercontent.com/nvkelso/natural-earth-vector/v5.1.2/geojson/ne_10m_admin_0_countries.geojson,Mali,
MM,Myanmar,95.804497,21.573855,https://raw.githubusercontent.com/nvkelso/natural-earth-vector/v5.1.2/geojson/ne_10m_admin_0_countries.geojson,Myanmar,
MN,Mongolia,104.150405,45.997488,https://raw.githubusercontent.com/nvkelso/natural-earth-vector/v5.1.2/geojson/ne_10m_admin_0_countries.geojson,Mongolia,
MO,Macao,113.556038,22.129735,https://raw.githubusercontent.com/nvkelso/natural-earth-vector/v5.1.2/geojson/ne_10m_admin_0_countries.geojson,Macao,
MP,Northern Mariana Islands,145.734397,15.188188,https://raw.githubusercontent.com/nvkelso/natural-earth-vector/v5.1.2/geojson/ne_10m_admin_0_countries.geojson,N. Mariana Is.,
MQ,Martinique,-61.055657,14.711979,https://raw.githubusercontent.com/nvkelso/natural-earth-vector/v5.1.2/geojson/ne_10m_admin_0_map_units.geojson,Martinique,FR-972
MR,Mauritania,-9.740299,19.587062,https://raw.githubusercontent.com/nvkelso/natural-earth-vector/v5.1.2/geojson/ne_10m_admin_0_countries.geojson,Mauritania,
MS,Montserrat,-62.188252,16.73717,https://raw.githubusercontent.com/nvkelso/natural-earth-vector/v5.1.2/geojson/ne_10m_admin_0_countries.geojson,Montserrat,
MT,Malta,14.433005,35.892886,https://raw.githubusercontent.com/nvkelso/natural-earth-vector/v5.1.2/geojson/ne_10m_admin_0_countries.geojson,Malta,
MU,Mauritius,57.565848,-20.299506,https://raw.githubusercontent.com/nvkelso/natural-earth-vector/v5.1.2/geojson/ne_10m_admin_0_countries.geojson,Mauritius,
MV,Maldives,73.507554,4.174441,https://raw.githubusercontent.com/nvkelso/natural-earth-vector/v5.1.2/geojson/ne_10m_admin_0_countries.geojson,Maldives,
MW,Malawi,33.608082,-13.386737,https://raw.githubusercontent.com/nvkelso/natural-earth-vector/v5.1.2/geojson/ne_10m_admin_0_countries.geojson,Malawi,
MX,Mexico,-102.289448,23.919988,https://raw.githubusercontent.com/nvkelso/natural-earth-vector/v5.1.2/geojson/ne_10m_admin_0_countries.geojson,Mexico,
MY,Malaysia,113.83708,2.528667,https://raw.githubusercontent.com/nvkelso/natural-earth-vector/v5.1.2/geojson/ne_10m_admin_0_countries.geojson,Malaysia,
MZ,Mozambique,37.83789,-13.94323,https://raw.githubusercontent.com/nvkelso/natural-earth-vector/v5.1.2/geojson/ne_10m_admin_0_countries.geojson,Mozambique,
NA,Namibia,17.108166,-20.575298,https://raw.githubusercontent.com/nvkelso/natural-earth-vector/v5.1.2/geojson/ne_10m_admin_0_countries.geojson,Namibia,
NC,New Caledonia,165.084004,-21.064697,https://raw.githubusercontent.com/nvkelso/natural-earth-vector/v5.1.2/geojson/ne_10m_admin_0_countries.geojson,New Caledonia,
NE,Niger,9.504356,17.446195,https://raw.githubusercontent.com/nvkelso/natural-earth-vector/v5.1.2/geojson/ne_10m_admin_0_countries.geojson,Niger,
NF,Norfolk Island,167.954531,-29.033042,https://raw.githubusercontent.com/nvkelso/natural-earth-vector/v5.1.2/geojson/ne_10m_admin_0_countries.geojson,Norfolk Island,
NG,Nigeria,7.50322,9.439799,https://raw.githubusercontent.com/nvkelso/natural-earth-vector/v5.1.2/geojson/ne_10m_admin_0_countries.geojson,Nigeria,
NI,Nicaragua,-85.069347,12.670697,https://raw.githubusercontent.com/nvkelso/natural-earth-vector/v5.1.2/geojson/ne_10m_admin_0_countries.geojson,Nicaragua,
NL,Netherlands,5.61144,52.422211,https://raw.githubusercontent.com/nvkelso/natural-earth-vector/v5.1.2/geojson/ne_10m_admin_0_countries.geojson,Netherlands,
NO,Norway,9.679975,61.357092,https://raw.githubusercontent.com/nvkelso/natural-earth-vector/v5.1.2/geojson/ne_10m_admin_0_map_units.geojson,Norway,
NP,Nepal,83.639914,28.297925,https://raw.githubusercontent.com/nvkelso/natural-earth-vector/v5.1.2/geojson/ne_10m_admin_0_countries.geojson,Nepal,
NR,Nauru,166.932644,-0.520261,https://raw.githubusercontent.com/nvkelso/natural-earth-vector/v5.1.2/geojson/ne_10m_admin_0_countries.geojson,Nauru,
NU,Niue,-169.862565,-19.045956,https://raw.githubusercontent.com/nvkelso/natural-earth-vector/v5.1.2/geojson/ne_10m_admin_0_countries.geojson,Niue,
NZ,New Zealand,172.787,-39.759,https://raw.githubusercontent.com/nvkelso/natural-earth-vector/v5.1.2/geojson/ne_10m_admin_0_countries.geojson,New Zealand,
OM,Oman,57.336553,22.120427,https://raw.githubusercontent.com/nvkelso/natural-earth-vector/v5.1.2/geojson/ne_10m_admin_0_countries.geojson,Oman,
PA,Panama,-80.352106,8.72198,https://raw.githubusercontent.com/nvkelso/natural-earth-vector/v5.1.2/geojson/ne_10m_admin_0_countries.geojson,Panama,
PE,Peru,-72.90016,-12.976679,https://raw.githubusercontent.com/nvkelso/natural-earth-vector/v5.1.2/geojson/ne_10m_admin_0_countries.geojson,Peru,
PF,French Polynesia,-149.46157,-17.628081,https://raw.githubusercontent.com/nvkelso/natural-earth-vector/v5.1.2/geojson/ne_10m_admin_0_countries.geojson,Fr. Polynesia,
PG,Papua New Guinea,143.910216,-5.695285,https://raw.githubusercontent.com/nvkelso/natural-earth-vector/v5.1.2/geojson/ne_10m_admin_0_countries.geojson,Papua New Guinea,
PH,Philippines,122.465,11.198,https://raw.githubusercontent.com/nvkelso/natural-earth-vector/v5.1.2/geojson/ne_10m_admin_0_countries.geojson,Philippines,
PK,Pakistan,68.545632,29.328389,https://raw.githubusercontent.com/nvkelso/natural-earth-vector/v5.1.2/geojson/ne_10m_admin_0_countries.geojson,Pakistan,
PL,Poland,19.490468,51.990316,https://raw.githubusercontent.com/nvkelso/natural-earth-vector/v5.1.2/geojson/ne_10m_admin_0_countries.geojson,Poland,
PM,Saint Pierre and Miquelon,-56.332352,47.040344,https://raw.githubusercontent.com/nvkelso/natural-earth-vector/v5.1.2/geojson/ne_10m_admin_0_countries.geojson,St. Pierre and Miquelon,
PN,Pitcairn,-128.317536,-24.364576,https://raw.githubusercontent.com/nvkelso/natural-earth-vector/v5.1.2/geojson/ne_10m_admin_0_countries.geojson,Pitcairn Is.,
PR,Puerto Rico,-66.481065,18.234668,https://raw.githubusercontent.com/nvkelso/natural-earth-vector/v5.1.2/geojson/ne_10m_admin_0_countries.geojson,Puerto Rico,
PS,"Palestine, State of",35.291341,32.047431,https://raw.githubusercontent.com/nvkelso/natural-earth-vector/v5.1.2/geojson/ne_10m_admin_0_countries.geojson,Palestine,
PT,Portugal,-8.271754,39.606675,https://raw.githubusercontent.com/nvkelso/natural-earth-vector/v5.1.2/geojson/ne_10m_admin_0_countries.geojson,Portugal,
PW,Palau,134.580157,7.518252,https://raw.githubusercontent.com/nvkelso/natural-earth-vector/v5.1.2/geojson/ne_10m_admin_0_countries.geojson,Palau,
PY,Paraguay,-60.146394,-21.674509,https://raw.githubusercontent.com/nvkelso/natural-earth-vector/v5.1.2/geojson/ne_10m_admin_0_countries.geojson,Paraguay,
QA,Qatar,51.143509,25.237383,https://raw.githubusercontent.com/nvkelso/natural-earth-vector/v5.1.2/geojson/ne_10m_admin_0_countries.geojson,Qatar,
RE,Réunion,55.535699,-21.113488,https://raw.githubusercontent.com/nvkelso/natural-earth-vector/v5.1.2/geojson/ne_10m_admin_0_map_units.geojson,Réunion,FR-974
RO,Romania,24.972624,45.733237,https://raw.githubusercontent.com/nvkelso/natural-earth-vector/v5.1.2/geojson/ne_10m_admin_0_countries.geojson,Romania,
RS,Serbia,20.787989,44.189919,https://raw.githubusercontent.com/nvkelso/natural-earth-vector/v5.1.2/geojson/ne_10m_admin_0_countries.geojson,Serbia,
RU,Russian Federation,44.686469,58.249357,https://raw.githubusercontent.com/nvkelso/natural-earth-vector/v5.1.2/geojson/ne_10m_admin_0_countries.geojson,Russia,
RW,Rwanda,30.103894,-1.897196,https://raw.githubusercontent.com/nvkelso/natural-earth-vector/v5.1.2/geojson/ne_10m_admin_0_countries.geojson,Rwanda,
SA,Saudi Arabia,44.6996,23.806908,https://raw.githubusercontent.com/nvkelso/natural-earth-vector/v5.1.2/geojson/ne_10m_admin_0_countries.geojson,Saudi Arabia,
SB,Solomon Islands,159.170468,-8.029548,https://raw.githubusercontent.com/nvkelso/natural-earth-vector/v5.1.2/geojson/ne_10m_admin_0_countries.geojson,Solomon Is.,
SC,Seychelles,55.480175,-4.676659,https://raw.githubusercontent.com/nvkelso/natural-earth-vector/v5.1.2/geojson/ne_10m_admin_0_countries.geojson,Seychelles,
SD,Sudan,29.260657,16.330746,https://raw.githubusercontent.com/nvkelso/natural-earth-vector/v5.1.2/geojson/ne_10m_admin_0_countries.geojson,Sudan,
SE,Sweden,19.01705,65.85918,https://raw.githubusercontent.com/nvkelso/natural-earth-vector/v5.1.2/geojson/ne_10m_admin_0_countries.geojson,Sweden,
SG,Singapore,103.816925,1.366587,https://raw.githubusercontent.com/nvkelso/natural-earth-vector/v5.1.2/geojson/ne_10m_admin_0_countries.geojson,Singapore,
SH,"Saint Helena, Ascension and Tristan da Cunha",-5.71262,-15.950487,https://raw.githubusercontent.com/nvkelso/natural-earth-vector/v5.1.2/geojson/ne_10m_admin_0_countries.geojson,Saint Helena,
SI,Slovenia,14.915312,46.06076,https://raw.githubusercontent.com/nvkelso/natural-earth-vector/v5.1.2/geojson/ne_10m_admin_0_countries.geojson,Slovenia,
SJ,Svalbard and Jan Mayen,18.080737,78.778287,https://raw.githubusercontent.com/nvkelso/natural-earth-vector/v5.1.2/geojson/ne_10m_admin_0_map_units.geojson,Svalbard Is.,
SK,Slovakia,19.049868,48.734044,https://raw.githubusercontent.com/nvkelso/natural-earth-vector/v5.1.2/geojson/ne_10m_admin_0_countries.geojson,Slovakia,
SL,Sierra Leone,-11.763677,8.617449,https://raw.githubusercontent.com/nvkelso/natural-earth-vector/v5.1.2/geojson/ne_10m_admin_0_countries.geojson,Sierra Leone,
SM,San Marino,12.441206,43.933916,https://raw.githubusercontent.com/nvkelso/natural-earth-vector/v5.1.2/geojson/ne_10m_admin_0_countries.geojson,San Marino,
SN,Senegal,-14.778586,15.138125,https://raw.githubusercontent.com/nvkelso/natural-earth-vector/v5.1.2/geojson/ne_10m_admin_0_countries.geojson,Senegal,
SO,Somalia,45.19238,3.568925,https://raw.githubusercontent.com/nvkelso/natural-earth-vector/v5.1.2/geojson/ne_10m_admin_0_countries.geojson,Somalia,
SR,Suriname,-55.91094,4.143987,https://raw.githubusercontent.com/nvkelso/natural-earth-vector/v5.1.2/geojson/ne_10m_admin_0_countries.geojson,Suriname,
SS,South Sudan,30.390151,7.230477,https://raw.githubusercontent.com/nvkelso/natural-earth-vector/v5.1.2/geojson/ne_10m_admin_0_countries.geojson,S. Sudan,
ST,Sao Tome and Principe,7.021,0.9709,https://raw.githubusercontent.com/nvkelso/natural-earth-vector/v5.1.2/geojson/ne_10m_admin_0_countries.geojson,São Tomé and Principe,
SV,El Salvador,-88.890124,13.685371,https://raw.githubusercontent.com/nvkelso/natural-earth-vector/v5.1.2/geojson/ne_10m_admin_0_countries.geojson,El Salvador,
SX,Sint Maarten (Dutch part),-63.070133,18.04088,https://raw.githubusercontent.com/nvkelso/natural-earth-vector/v5.1.2/geojson/ne_10m_admin_0_countries.geojson,Sint Maarten,
SY,Syria,38.277783,35.006636,https://raw.githubusercontent.com/nvkelso/natural-earth-vector/v5.1.2/geojson/ne_10m_admin_0_countries.geojson,Syria,
SZ,Eswatini,31.467264,-26.533676,https://raw.githubusercontent.com/nvkelso/natural-earth-vector/v5.1.2/geojson/ne_10m_admin_0_countries.geojson,eSwatini,
TC,Turks and Caicos Islands,-71.752704,21.81663,https://raw.githubusercontent.com/nvkelso/natural-earth-vector/v5.1.2/geojson/ne_10m_admin_0_countries.geojson,Turks and Caicos Is.,
TD,Chad,18.645041,15.142959,https://raw.githubusercontent.com/nvkelso/natural-earth-vector/v5.1.2/geojson/ne_10m_admin_0_countries.geojson,Chad,
TF,French Southern Territories,69.122136,-49.303721,https://raw.githubusercontent.com/nvkelso/natural-earth-vector/v5.1.2/geojson/ne_10m_admin_0_countries.geojson,Fr. S. Antarctic Lands,
TG,Togo,1.058113,8.80722,https://raw.githubusercontent.com/nvkelso/natural-earth-vector/v5.1.2/geojson/ne_10m_admin_0_countries.geojson,Togo,
TH,Thailand,101.073198,15.45974,https://raw.githubusercontent.com/nvkelso/natural-earth-vector/v5.1.2/geojson/ne_10m_admin_0_countries.geojson,Thailand,
TJ,Tajikistan,72.587276,38.199835,https://raw.githubusercontent.com/nvkelso/natural-earth-vector/v5.1.2/geojson/ne_10m_admin_0_countries.geojson,Tajikistan,
TK,Tokelau,-172.48629,-8.561824,https://raw.githubusercontent.com/nvkelso/natural-earth-vector/v5.1.2/geojson/ne_10m_admin_0_map_units.geojson,Tokelau,
TL,Timor-Leste,125.854679,-8.803705,https://raw.githubusercontent.com/nvkelso/natural-earth-vector/v5.1.2/geojson/ne_10m_admin_0_countries.geojson,Timor-Leste,
TM,Turkmenistan,58.676647,39.855246,https://raw.githubusercontent.com/nvkelso/natural-earth-vector/v5.1.2/geojson/ne_10m_admin_0_countries.geojson,Turkmenistan,
TN,Tunisia,9.007881,33.687263,https://raw.githubusercontent.com/nvkelso/natural-earth-vector/v5.1.2/geojson/ne_10m_admin_0_countries.geojson,Tunisia,
TO,Tonga,-175.163014,-21.210026,https://raw.githubusercontent.com/nvkelso/natural-earth-vector/v5.1.2/geojson/ne_10m_admin_0_countries.geojson,Tonga,
TR,Türkiye,34.508268,39.345388,https://raw.githubusercontent.com/nvkelso/natural-earth-vector/v5.1.2/geojson/ne_10m_admin_0_countries.geojson,Turkey,
TT,Trinidad and Tobago,-60.9184,10.9989,https://raw.githubusercontent.com/nvkelso/natural-earth-vector/v5.1.2/geojson/ne_10m_admin_0_countries.geojson,Trinidad and Tobago,
TV,Tuvalu,179.209587,-8.513717,https://raw.githubusercontent.com/nvkelso/natural-earth-vector/v5.1.2/geojson/ne_10m_admin_0_countries.geojson,Tuvalu,
TW,Taiwan,120.868204,23.652408,https://raw.githubusercontent.com/nvkelso/natural-earth-vector/v5.1.2/geojson/ne_10m_admin_0_countries.geojson,Taiwan,CN-TW
TZ,Tanzania,34.959183,-6.051866,https://raw.githubusercontent.com/nvkelso/natural-earth-vector/v5.1.2/geojson/ne_10m_admin_0_countries.geojson,Tanzania,
UA,Ukraine,32.140865,49.724739,https://raw.githubusercontent.com/nvkelso/natural-earth-vector/v5.1.2/geojson/ne_10m_admin_0_countries.geojson,Ukraine,
UG,Uganda,32.948555,1.972589,https://raw.githubusercontent.com/nvkelso/natural-earth-vector/v5.1.2/geojson/ne_10m_admin_0_countries.geojson,Uganda,
UM,United States Minor Outlying Islands,166.644535,19.285663,https://raw.githubusercontent.com/nvkelso/natural-earth-vector/v5.1.2/geojson/ne_10m_admin_0_countries.geojson,U.S. Minor Outlying Is.,
US,United States,-97.482602,39.538479,https://raw.githubusercontent.com/nvkelso/natural-earth-vector/v5.1.2/geojson/ne_10m_admin_0_countries.geojson,United States of America,
UY,Uruguay,-55.966942,-32.961127,https://raw.githubusercontent.com/nvkelso/natural-earth-vector/v5.1.2/geojson/ne_10m_admin_0_countries.geojson,Uruguay,
UZ,Uzbekistan,64.005429,41.693603,https://raw.githubusercontent.com/nvkelso/natural-earth-vector/v5.1.2/geojson/ne_10m_admin_0_countries.geojson,Uzbekistan,
VA,Holy See (Vatican City State),12.453418,41.903323,https://raw.githubusercontent.com/nvkelso/natural-earth-vector/v5.1.2/geojson/ne_10m_admin_0_countries.geojson,Vatican,
VC,Saint Vincent and the Grenadines,-61.3359,13.0879,https://raw.githubusercontent.com/nvkelso/natural-earth-vector/v5.1.2/geojson/ne_10m_admin_0_countries.geojson,St. Vin. and Gren.,
VE,Venezuela,-64.599381,7.182476,https://raw.githubusercontent.com/nvkelso/natural-earth-vector/v5.1.2/geojson/ne_10m_admin_0_countries.geojson,Venezuela,
VG,"Virgin Islands, British",-64.63661,18.426606,https://raw.githubusercontent.com/nvkelso/natural-earth-vector/v5.1.2/geojson/ne_10m_admin_0_countries.geojson,British Virgin Is.,
VI,"Virgin Islands, U.S.",-64.779172,17.746706,https://raw.githubusercontent.com/nvkelso/natural-earth-vector/v5.1.2/geojson/ne_10m_admin_0_countries.geojson,U.S. Virgin Is.,
VN,Vietnam,105.387292,21.715416,https://raw.githubusercontent.com/nvkelso/natural-earth-vector/v5.1.2/geojson/ne_10m_admin_0_countries.geojson,Vietnam,
VU,Vanuatu,166.908762,-15.37153,https://raw.githubusercontent.com/nvkelso/natural-earth-vector/v5.1.2/geojson/ne_10m_admin_0_countries.geojson,Vanuatu,
WF,Wallis and Futuna,-178.137436,-14.286415,https://raw.githubusercontent.com/nvkelso/natural-earth-vector/v5.1.2/geojson/ne_10m_admin_0_countries.geojson,Wallis and Futuna Is.,
WS,Samoa,-172.438241,-13.639139,https://raw.githubusercontent.com/nvkelso/natural-earth-vector/v5.1.2/geojson/ne_10m_admin_0_countries.geojson,Samoa,
XK,Kosovo,20.860719,42.593587,https://raw.githubusercontent.com/nvkelso/natural-earth-vector/v5.1.2/geojson/ne_10m_admin_0_countries.geojson,Kosovo,
YE,Yemen,45.874383,15.328226,https://raw.githubusercontent.com/nvkelso/natural-earth-vector/v5.1.2/geojson/ne_10m_admin_0_countries.geojson,Yemen,
YT,Mayotte,45.151319,-12.774755,https://raw.githubusercontent.com/nvkelso/natural-earth-vector/v5.1.2/geojson/ne_10m_admin_0_map_units.geojson,Mayotte,FR-976
ZA,South Africa,23.665734,-29.708776,https://raw.githubusercontent.com/nvkelso/natural-earth-vector/v5.1.2/geojson/ne_10m_admin_0_countries.geojson,South Africa,
ZM,Zambia,26.395298,-14.660804,https://raw.githubusercontent.com/nvkelso/natural-earth-vector/v5.1.2/geojson/ne_10m_admin_0_countries.geojson,Zambia,
ZW,Zimbabwe,29.925444,-18.91164,https://raw.githubusercontent.com/nvkelso/natural-earth-vector/v5.1.2/geojson/ne_10m_admin_0_countries.geojson,Zimbabwe,
